﻿<?xml version="1.0" encoding="utf-8"?>
<!-- DS4Windows Configuration Data. 06/29/2023 08:41:48 -->
<!-- Made with DS4Windows version 3.1.10 -->
<DS4Windows app_version="3.1.10" config_version="5">
  <touchToggle>True</touchToggle>
  <idleDisconnectTimeout>0</idleDisconnectTimeout>
  <outputDataToDS4>True</outputDataToDS4>
  <Color>255,255,255</Color>
  <RumbleBoost>100</RumbleBoost>
  <RumbleAutostopTime>0</RumbleAutostopTime>
  <LightbarMode>DS4Win</LightbarMode>
  <ledAsBatteryIndicator>False</ledAsBatteryIndicator>
  <FlashType>0</FlashType>
  <flashBatteryAt>0</flashBatteryAt>
  <touchSensitivity>100</touchSensitivity>
  <LowColor>0,0,0</LowColor>
  <ChargingColor>0,0,0</ChargingColor>
  <FlashColor>0,0,0</FlashColor>
  <touchpadJitterCompensation>True</touchpadJitterCompensation>
  <lowerRCOn>False</lowerRCOn>
  <tapSensitivity>0</tapSensitivity>
  <doubleTap>False</doubleTap>
  <scrollSensitivity>0</scrollSensitivity>
  <LeftTriggerMiddle>0</LeftTriggerMiddle>
  <RightTriggerMiddle>0</RightTriggerMiddle>
  <TouchpadInvert>0</TouchpadInvert>
  <TouchpadClickPassthru>False</TouchpadClickPassthru>
  <L2AntiDeadZone>1</L2AntiDeadZone>
  <R2AntiDeadZone>1</R2AntiDeadZone>
  <L2MaxZone>100</L2MaxZone>
  <R2MaxZone>100</R2MaxZone>
  <L2MaxOutput>100</L2MaxOutput>
  <R2MaxOutput>100</R2MaxOutput>
  <ButtonMouseSensitivity>25</ButtonMouseSensitivity>
  <ButtonMouseOffset>0.008</ButtonMouseOffset>
  <Rainbow>1</Rainbow>
  <MaxSatRainbow>100</MaxSatRainbow>
  <LSDeadZone>0</LSDeadZone>
  <RSDeadZone>0</RSDeadZone>
  <LSAntiDeadZone>0</LSAntiDeadZone>
  <RSAntiDeadZone>0</RSAntiDeadZone>
  <LSMaxZone>100</LSMaxZone>
  <RSMaxZone>100</RSMaxZone>
  <LSVerticalScale>100</LSVerticalScale>
  <RSVerticalScale>100</RSVerticalScale>
  <LSMaxOutput>100</LSMaxOutput>
  <RSMaxOutput>100</RSMaxOutput>
  <LSMaxOutputForce>False</LSMaxOutputForce>
  <RSMaxOutputForce>False</RSMaxOutputForce>
  <LSDeadZoneType>Axial</LSDeadZoneType>
  <RSDeadZoneType>Axial</RSDeadZoneType>
  <LSAxialDeadOptions>
    <DeadZoneX>0</DeadZoneX>
    <DeadZoneY>0</DeadZoneY>
    <MaxZoneX>100</MaxZoneX>
    <MaxZoneY>100</MaxZoneY>
    <AntiDeadZoneX>1</AntiDeadZoneX>
    <AntiDeadZoneY>1</AntiDeadZoneY>
    <MaxOutputX>100</MaxOutputX>
    <MaxOutputY>100</MaxOutputY>
  </LSAxialDeadOptions>
  <RSAxialDeadOptions>
    <DeadZoneX>0</DeadZoneX>
    <DeadZoneY>0</DeadZoneY>
    <MaxZoneX>100</MaxZoneX>
    <MaxZoneY>100</MaxZoneY>
    <AntiDeadZoneX>1</AntiDeadZoneX>
    <AntiDeadZoneY>1</AntiDeadZoneY>
    <MaxOutputX>100</MaxOutputX>
    <MaxOutputY>100</MaxOutputY>
  </RSAxialDeadOptions>
  <LSRotation>0</LSRotation>
  <RSRotation>0</RSRotation>
  <LSFuzz>0</LSFuzz>
  <RSFuzz>0</RSFuzz>
  <LSOuterBindDead>75</LSOuterBindDead>
  <RSOuterBindDead>75</RSOuterBindDead>
  <LSOuterBindInvert>False</LSOuterBindInvert>
  <RSOuterBindInvert>False</RSOuterBindInvert>
  <LSDeltaAccelSettings>
    <Enabled>True</Enabled>
    <Multiplier>0.01</Multiplier>
    <MaxTravel>0.01</MaxTravel>
    <MinTravel>0.01</MinTravel>
    <EasingDuration>0.01</EasingDuration>
    <MinFactor>1</MinFactor>
  </LSDeltaAccelSettings>
  <RSDeltaAccelSettings>
    <Enabled>True</Enabled>
    <Multiplier>0.01</Multiplier>
    <MaxTravel>0.01</MaxTravel>
    <MinTravel>0.01</MinTravel>
    <EasingDuration>0.01</EasingDuration>
    <MinFactor>1</MinFactor>
  </RSDeltaAccelSettings>
  <SXDeadZone>0</SXDeadZone>
  <SZDeadZone>0</SZDeadZone>
  <SXMaxZone>100</SXMaxZone>
  <SZMaxZone>100</SZMaxZone>
  <SXAntiDeadZone>1</SXAntiDeadZone>
  <SZAntiDeadZone>1</SZAntiDeadZone>
  <Sensitivity>1|1|1|1|1|1</Sensitivity>
  <ChargingType>2</ChargingType>
  <MouseAcceleration>False</MouseAcceleration>
  <ButtonMouseVerticalScale>100</ButtonMouseVerticalScale>
  <LaunchProgram>
  </LaunchProgram>
  <DinputOnly>False</DinputOnly>
  <StartTouchpadOff>False</StartTouchpadOff>
  <TouchpadOutputMode>Passthru</TouchpadOutputMode>
  <SATriggers>-1</SATriggers>
  <SATriggerCond>and</SATriggerCond>
  <SASteeringWheelEmulationAxis>None</SASteeringWheelEmulationAxis>
  <SASteeringWheelEmulationRange>1440</SASteeringWheelEmulationRange>
  <SASteeringWheelFuzz>0</SASteeringWheelFuzz>
  <SASteeringWheelSmoothingOptions>
    <SASteeringWheelUseSmoothing>False</SASteeringWheelUseSmoothing>
    <SASteeringWheelSmoothMinCutoff>0.1</SASteeringWheelSmoothMinCutoff>
    <SASteeringWheelSmoothBeta>0.1</SASteeringWheelSmoothBeta>
  </SASteeringWheelSmoothingOptions>
  <TouchDisInvTriggers>-1</TouchDisInvTriggers>
  <GyroSensitivity>100</GyroSensitivity>
  <GyroSensVerticalScale>100</GyroSensVerticalScale>
  <GyroInvert>0</GyroInvert>
  <GyroTriggerTurns>True</GyroTriggerTurns>
  <GyroControlsSettings>
    <Triggers>-1</Triggers>
    <TriggerCond>and</TriggerCond>
    <TriggerTurns>True</TriggerTurns>
    <Toggle>True</Toggle>
  </GyroControlsSettings>
  <GyroMouseSmoothingSettings>
    <UseSmoothing>False</UseSmoothing>
    <SmoothingMethod>none</SmoothingMethod>
    <SmoothingWeight>50</SmoothingWeight>
    <SmoothingMinCutoff>1</SmoothingMinCutoff>
    <SmoothingBeta>0.7</SmoothingBeta>
  </GyroMouseSmoothingSettings>
  <GyroMouseHAxis>0</GyroMouseHAxis>
  <GyroMouseDeadZone>10</GyroMouseDeadZone>
  <GyroMouseMinThreshold>1</GyroMouseMinThreshold>
  <GyroMouseToggle>False</GyroMouseToggle>
  <GyroOutputMode>Controls</GyroOutputMode>
  <GyroMouseStickTriggers>-1</GyroMouseStickTriggers>
  <GyroMouseStickTriggerCond>and</GyroMouseStickTriggerCond>
  <GyroMouseStickTriggerTurns>True</GyroMouseStickTriggerTurns>
  <GyroMouseStickHAxis>0</GyroMouseStickHAxis>
  <GyroMouseStickDeadZone>30</GyroMouseStickDeadZone>
  <GyroMouseStickMaxZone>830</GyroMouseStickMaxZone>
  <GyroMouseStickOutputStick>RightStick</GyroMouseStickOutputStick>
  <GyroMouseStickOutputStickAxes>XY</GyroMouseStickOutputStickAxes>
  <GyroMouseStickAntiDeadX>0.4</GyroMouseStickAntiDeadX>
  <GyroMouseStickAntiDeadY>0.4</GyroMouseStickAntiDeadY>
  <GyroMouseStickInvert>0</GyroMouseStickInvert>
  <GyroMouseStickToggle>False</GyroMouseStickToggle>
  <GyroMouseStickMaxOutput>100</GyroMouseStickMaxOutput>
  <GyroMouseStickMaxOutputEnabled>False</GyroMouseStickMaxOutputEnabled>
  <GyroMouseStickVerticalScale>100</GyroMouseStickVerticalScale>
  <GyroMouseStickSmoothingSettings>
    <UseSmoothing>False</UseSmoothing>
    <SmoothingMethod>none</SmoothingMethod>
    <SmoothingWeight>50</SmoothingWeight>
    <SmoothingMinCutoff>0.4</SmoothingMinCutoff>
    <SmoothingBeta>0.7</SmoothingBeta>
  </GyroMouseStickSmoothingSettings>
  <GyroSwipeSettings>
    <DeadZoneX>80</DeadZoneX>
    <DeadZoneY>80</DeadZoneY>
    <Triggers>-1</Triggers>
    <TriggerCond>and</TriggerCond>
    <TriggerTurns>True</TriggerTurns>
    <XAxis>Yaw</XAxis>
    <DelayTime>0</DelayTime>
  </GyroSwipeSettings>
  <ProfileActions>x/Disconnect Controller</ProfileActions>
  <BTPollRate>1</BTPollRate>
  <LSOutputCurveMode>custom</LSOutputCurveMode>
  <LSOutputCurveCustom>0.12, 0.01, 0.45, 0.49</LSOutputCurveCustom>
  <RSOutputCurveMode>custom</RSOutputCurveMode>
  <RSOutputCurveCustom>0.12, 0.01, 0.45, 0.49</RSOutputCurveCustom>
  <LSSquareStick>False</LSSquareStick>
  <RSSquareStick>False</RSSquareStick>
  <SquareStickRoundness>5</SquareStickRoundness>
  <SquareRStickRoundness>5</SquareRStickRoundness>
  <LSAntiSnapback>True</LSAntiSnapback>
  <RSAntiSnapback>True</RSAntiSnapback>
  <LSAntiSnapbackDelta>256</LSAntiSnapbackDelta>
  <RSAntiSnapbackDelta>256</RSAntiSnapbackDelta>
  <LSAntiSnapbackTimeout>0</LSAntiSnapbackTimeout>
  <RSAntiSnapbackTimeout>0</RSAntiSnapbackTimeout>
  <LSOutputMode>Controls</LSOutputMode>
  <RSOutputMode>Controls</RSOutputMode>
  <LSOutputSettings>
    <FlickStickSettings>
      <RealWorldCalibration>5.3</RealWorldCalibration>
      <FlickThreshold>0.9</FlickThreshold>
      <FlickTime>0.1</FlickTime>
      <MinAngleThreshold>0</MinAngleThreshold>
    </FlickStickSettings>
  </LSOutputSettings>
  <RSOutputSettings>
    <FlickStickSettings>
      <RealWorldCalibration>5.3</RealWorldCalibration>
      <FlickThreshold>0.9</FlickThreshold>
      <FlickTime>0.1</FlickTime>
      <MinAngleThreshold>0</MinAngleThreshold>
    </FlickStickSettings>
  </RSOutputSettings>
  <L2OutputCurveMode>custom</L2OutputCurveMode>
  <L2OutputCurveCustom>0.12, 0.01, 0.45, 0.49</L2OutputCurveCustom>
  <L2TwoStageMode>Normal</L2TwoStageMode>
  <R2TwoStageMode>Normal</R2TwoStageMode>
  <L2HipFireTime>0</L2HipFireTime>
  <R2HipFireTime>0</R2HipFireTime>
  <L2TriggerEffect>None</L2TriggerEffect>
  <R2TriggerEffect>None</R2TriggerEffect>
  <R2OutputCurveMode>custom</R2OutputCurveMode>
  <R2OutputCurveCustom>0.12, 0.01, 0.45, 0.49</R2OutputCurveCustom>
  <SXOutputCurveMode>custom</SXOutputCurveMode>
  <SXOutputCurveCustom>0.12, 0.01, 0.45, 0.49</SXOutputCurveCustom>
  <SZOutputCurveMode>custom</SZOutputCurveMode>
  <SZOutputCurveCustom>0.12, 0.01, 0.45, 0.49</SZOutputCurveCustom>
  <TrackballMode>False</TrackballMode>
  <TrackballFriction>10</TrackballFriction>
  <TouchRelMouseRotation>0</TouchRelMouseRotation>
  <TouchRelMouseMinThreshold>1</TouchRelMouseMinThreshold>
  <TouchpadAbsMouseSettings>
    <MaxZoneX>90</MaxZoneX>
    <MaxZoneY>90</MaxZoneY>
    <SnapToCenter>False</SnapToCenter>
  </TouchpadAbsMouseSettings>
  <TouchpadMouseStick>
    <DeadZone>0</DeadZone>
    <MaxZone>8</MaxZone>
    <OutputStick>RightStick</OutputStick>
    <OutputStick>XY</OutputStick>
    <AntiDeadX>0.4</AntiDeadX>
    <AntiDeadY>0.4</AntiDeadY>
    <Invert>0</Invert>
    <MaxOutput>100</MaxOutput>
    <MaxOutputEnabled>False</MaxOutputEnabled>
    <VerticalScale>100</VerticalScale>
    <OutputCurve>Linear</OutputCurve>
    <Rotation>0</Rotation>
    <SmoothingSettings>
      <SmoothingMethod>None</SmoothingMethod>
      <SmoothingMinCutoff>0.8</SmoothingMinCutoff>
      <SmoothingBeta>0.7</SmoothingBeta>
    </SmoothingSettings>
  </TouchpadMouseStick>
  <AbsMouseRegionSettings>
    <AbsWidth>1</AbsWidth>
    <AbsHeight>1</AbsHeight>
    <AbsXCenter>0.5</AbsXCenter>
    <AbsYCenter>0.5</AbsYCenter>
    <AntiRadius>0</AntiRadius>
    <SnapToCenter>True</SnapToCenter>
  </AbsMouseRegionSettings>
  <TouchpadButtonMode>Click</TouchpadButtonMode>
  <OutputContDevice>X360</OutputContDevice>
  <Control />
  <ShiftControl />
</DS4Windows>